"","actual","trend","pred","lower","upper","date"
"1",340.01,338.264544124595,NA,NA,NA,2016-01-01
"2",340.01,339.000915138357,NA,NA,NA,2016-01-02
"3",340.01,338.58578502484,NA,NA,NA,2016-01-03
"4",340.01,338.903876548587,NA,NA,NA,2016-01-04
"5",340.01,338.659748403167,NA,NA,NA,2016-01-05
"6",343.14,339.016086832054,NA,NA,NA,2016-01-06
"7",345.01,341.444852924889,NA,NA,NA,2016-01-07
"8",345.01,340.965944286626,NA,NA,NA,2016-01-08
"9",351.88,341.573798561237,NA,NA,NA,2016-01-09
"10",351.88,347.13940533461,NA,NA,NA,2016-01-10
"11",351.88,342.15459120122,NA,NA,NA,2016-01-11
"12",356.88,346.737910304806,NA,NA,NA,2016-01-12
"13",365.07,347.23251738799,NA,NA,NA,2016-01-13
"14",364.89,354.254618099655,NA,NA,NA,2016-01-14
"15",365.23,347.662306044197,NA,NA,NA,2016-01-15
"16",360.9,353.997760819079,NA,NA,NA,2016-01-16
"17",360.9,344.167217762397,NA,NA,NA,2016-01-17
"18",360.9,353.2522709603,NA,NA,NA,2016-01-18
"19",374.31,344.918909198327,NA,NA,NA,2016-01-19
"20",377.7,365.106633253861,NA,NA,NA,2016-01-20
"21",374.6,349.488445909322,NA,NA,NA,2016-01-21
"22",383.91,361.17032516123,NA,NA,NA,2016-01-22
"23",381.16,358.952920366982,NA,NA,NA,2016-01-23
"24",381.16,358.457120715213,NA,NA,NA,2016-01-24
"25",381.16,358.920301995736,NA,NA,NA,2016-01-25
"26",372.89,358.469440681195,NA,NA,NA,2016-01-26
"27",380.3,351.179159973128,NA,NA,NA,2016-01-27
"28",375.49,364.913461095486,NA,NA,NA,2016-01-28
"29",371.55,347.56315801524,NA,NA,NA,2016-01-29
"30",364.79,360.102299601973,NA,NA,NA,2016-01-30
"31",364.79,342.037304417064,NA,NA,NA,2016-01-31
"32",364.79,358.952970198055,NA,NA,NA,2016-02-01
"33",360.45,343.105149245774,NA,NA,NA,2016-02-02
"34",369.15,353.893765236027,NA,NA,NA,2016-02-03
"35",375.25,351.941001680347,NA,NA,NA,2016-02-04
"36",363.34,359.481293993559,NA,NA,NA,2016-02-05
"37",363.72,341.248131554257,NA,NA,NA,2016-02-06
"38",363.72,358.699521570809,NA,NA,NA,2016-02-07
"39",363.72,342.335314698419,NA,NA,NA,2016-02-08
"40",359.89,357.680518652554,NA,NA,NA,2016-02-09
"41",360.37,339.696059181123,NA,NA,NA,2016-02-10
"42",362.23,357.01624254193,NA,NA,NA,2016-02-11
"43",360.31,342.513012981108,NA,NA,NA,2016-02-12
"44",368.17,354.319622095412,NA,NA,NA,2016-02-13
"45",368.17,350.616957664483,NA,NA,NA,2016-02-14
"46",368.17,354.090996055305,NA,NA,NA,2016-02-15
"47",362.1,350.830416125793,NA,NA,NA,2016-02-16
"48",357.71,348.193665630876,NA,NA,NA,2016-02-17
"49",359.23,346.548668849088,NA,NA,NA,2016-02-18
"50",350.58,349.517788125147,NA,NA,NA,2016-02-19
"51",355.45,338.614586154516,NA,NA,NA,2016-02-20
"52",355.45,353.416920592693,NA,NA,NA,2016-02-21
"53",355.45,339.525397066821,NA,NA,NA,2016-02-22
"54",351.77,352.562186137023,NA,NA,NA,2016-02-23
"55",348.69,336.87325120825,NA,NA,NA,2016-02-24
"56",348.96,348.706977736933,NA,NA,NA,2016-02-25
"57",350.25,337.85412634995,NA,NA,NA,2016-02-26
"58",349.82,349.250683117602,NA,NA,NA,2016-02-27
"59",349.82,338.150853858517,NA,NA,NA,2016-02-28
"60",349.82,348.568711249633,NA,NA,NA,2016-02-29
"61",348.78,338.790822103402,NA,NA,NA,2016-03-01
"62",347.96,346.991962384395,NA,NA,NA,2016-03-02
"63",346.56,338.524871413118,NA,NA,NA,2016-03-03
"64",345.65,345.157924018354,NA,NA,NA,2016-03-04
"65",345.22,338.078084492045,NA,NA,NA,2016-03-05
"66",345.02,344.319581486833,NA,NA,NA,2016-03-06
"67",345.02,338.273608784468,NA,NA,NA,2016-03-07
"68",345.02,343.948363050866,NA,NA,NA,2016-03-08
"69",345.02,338.622019701371,NA,NA,NA,2016-03-09
"70",344.8,343.621355065371,NA,NA,NA,2016-03-10
"71",344.19,338.722441036815,NA,NA,NA,2016-03-11
"72",343.92,342.748056439994,NA,NA,NA,2016-03-12
"73",343.92,338.716142534929,NA,NA,NA,2016-03-13
"74",343.92,342.500549382495,NA,NA,NA,2016-03-14
"75",343.32,338.948448599525,NA,NA,NA,2016-03-15
"76",343.23,341.719335597277,NA,NA,NA,2016-03-16
"77",346.61,339.034071910999,NA,NA,NA,2016-03-17
"78",346.05,344.727031620957,NA,NA,NA,2016-03-18
"79",345.73,338.857889994743,NA,NA,NA,2016-03-19
"80",345.73,344.066418387279,NA,NA,NA,2016-03-20
"81",345.73,339.177592985244,NA,NA,NA,2016-03-21
"82",345.73,343.766341716197,NA,NA,NA,2016-03-22
"83",345.73,339.459248893601,NA,NA,NA,2016-03-23
"84",345.73,343.501975638549,NA,NA,NA,2016-03-24
"85",346.97,339.707388565586,NA,NA,NA,2016-03-25
"86",343.83,344.432956472493,NA,NA,NA,2016-03-26
"87",343.83,337.050163674395,NA,NA,NA,2016-03-27
"88",343.83,343.979815156246,NA,NA,NA,2016-03-28
"89",340.15,337.475487817841,NA,NA,NA,2016-03-29
"90",341.51,340.126465557797,NA,NA,NA,2016-03-30
"91",343.06,338.914725668168,NA,NA,NA,2016-03-31
"92",343.62,341.506957699446,NA,NA,NA,2016-04-01
"93",342.49,339.599457830623,NA,NA,NA,2016-04-02
"94",342.49,340.329237051891,NA,NA,NA,2016-04-03
"95",342.49,339.644249467249,NA,NA,NA,2016-04-04
"96",344,340.287195135809,NA,NA,NA,2016-04-05
"97",345.52,341.101032881156,NA,NA,NA,2016-04-06
"98",344.54,341.763852985657,NA,NA,NA,2016-04-07
"99",341.19,340.221862981939,NA,NA,NA,2016-04-08
"100",340.31,338.52482233575,NA,NA,NA,2016-04-09
"101",340.31,339.291715843555,NA,NA,NA,2016-04-10
"102",340.31,338.571891587037,NA,NA,NA,2016-04-11
"103",336.87,339.247535128011,NA,NA,NA,2016-04-12
"104",335.64,335.384495010666,NA,NA,NA,2016-04-13
"105",333.76,337.85592837818,NA,NA,NA,2016-04-14
"106",334.7,333.771570359623,NA,NA,NA,2016-04-15
"107",334.41,338.487551513637,NA,NA,NA,2016-04-16
"108",334.41,333.788819195997,NA,NA,NA,2016-04-17
"109",334.41,338.199160568172,NA,NA,NA,2016-04-18
"110",340.23,334.059510001887,NA,NA,NA,2016-04-19
"111",337.99,343.40787395257,NA,NA,NA,2016-04-20
"112",337.14,332.530760744681,NA,NA,NA,2016-04-21
"113",332.51,341.942446889732,NA,NA,NA,2016-04-22
"114",334.59,328.762587124163,NA,NA,NA,2016-04-23
"115",334.59,343.085853746572,NA,NA,NA,2016-04-24
"116",334.59,329.641695578585,NA,NA,NA,2016-04-25
"117",333.81,342.260701743268,NA,NA,NA,2016-04-26
"118",333.26,329.684076218861,NA,NA,NA,2016-04-27
"119",331.08,340.972552680696,NA,NA,NA,2016-04-28
"120",330.41,328.330720561572,NA,NA,NA,2016-04-29
"121",327.66,339.567766728829,NA,NA,NA,2016-04-30
"122",327.66,326.439192669559,NA,NA,NA,2016-05-01
"123",327.66,338.761984436746,NA,NA,NA,2016-05-02
"124",327.66,327.195519055004,NA,NA,NA,2016-05-03
"125",329.21,338.052078544287,NA,NA,NA,2016-05-04
"126",332.51,329.316720485874,NA,NA,NA,2016-05-05
"127",335.71,340.613393845716,NA,NA,NA,2016-05-06
"128",334.6,333.013663628225,NA,NA,NA,2016-05-07
"129",334.6,339.105078790715,NA,NA,NA,2016-05-08
"130",334.6,333.387531606621,NA,NA,NA,2016-05-09
"131",334.6,338.754157418013,NA,NA,NA,2016-05-10
"132",334.6,333.716914750555,NA,NA,NA,2016-05-11
"133",333.23,338.44499056272,NA,NA,NA,2016-05-12
"134",329.79,332.721191503934,NA,NA,NA,2016-05-13
"135",329.11,334.864819639283,NA,NA,NA,2016-05-14
"136",329.11,332.214495084792,NA,NA,NA,2016-05-15
"137",329.11,334.702152775814,NA,NA,NA,2016-05-16
"138",327.88,332.367178070395,NA,NA,NA,2016-05-17
"139",328.07,333.40433362279,NA,NA,NA,2016-05-18
"140",329.89,332.609173264425,NA,NA,NA,2016-05-19
"141",334.89,335.063825013313,NA,NA,NA,2016-05-20
"142",335.01,337.452949452667,NA,NA,NA,2016-05-21
"143",335.01,335.323095255788,NA,NA,NA,2016-05-22
"144",335.01,337.322227089302,NA,NA,NA,2016-05-23
"145",336.37,335.445794377328,NA,NA,NA,2016-05-24
"146",336.48,338.483587139629,NA,NA,NA,2016-05-25
"147",336.24,335.735491178456,NA,NA,NA,2016-05-26
"148",333.09,338.089649733166,NA,NA,NA,2016-05-27
"149",335.48,332.923315527716,NA,NA,NA,2016-05-28
"150",335.48,340.015870637845,NA,NA,NA,2016-05-29
"151",335.48,333.358629622945,NA,NA,NA,2016-05-30
"152",336.73,339.607274469279,NA,NA,NA,2016-05-31
"153",335.84,334.915427457922,NA,NA,NA,2016-06-01
"154",336.86,338.483931540043,NA,NA,NA,2016-06-02
"155",337.71,336.091844958812,NA,NA,NA,2016-06-03
"156",337.77,339.134944580053,NA,NA,NA,2016-06-04
"157",337.77,336.334936282794,NA,NA,NA,2016-06-05
"158",337.77,338.963090706195,NA,NA,NA,2016-06-06
"159",335.1,336.496242418272,NA,NA,NA,2016-06-07
"160",333.88,336.305559386512,NA,NA,NA,2016-06-08
"161",331.59,335.339417983796,NA,NA,NA,2016-06-09
"162",330.16,334.096812798486,NA,NA,NA,2016-06-10
"163",333.97,333.920919565949,NA,NA,NA,2016-06-11
"164",333.97,337.662173812261,NA,NA,NA,2016-06-12
"165",333.97,334.150543540403,NA,NA,NA,2016-06-13
"166",335.81,337.446643285254,NA,NA,NA,2016-06-14
"167",337.65,336.079913411771,NA,NA,NA,2016-06-15
"168",338.75,339.089826386554,NA,NA,NA,2016-06-16
"169",337.96,337.297136615239,NA,NA,NA,2016-06-17
"170",338.59,338.238285097183,NA,NA,NA,2016-06-18
"171",338.59,337.946233727144,NA,NA,NA,2016-06-19
"172",338.59,338.220360093468,NA,NA,NA,2016-06-20
"173",335.89,337.96305856217,NA,NA,NA,2016-06-21
"174",335.87,335.67028364669,NA,NA,NA,2016-06-22
"175",336.73,337.803564271197,NA,NA,NA,2016-06-23
"176",336.63,336.608432774752,NA,NA,NA,2016-06-24
"177",339.69,337.636349259936,NA,NA,NA,2016-06-25
"178",339.69,339.543711207673,NA,NA,NA,2016-06-26
"179",339.69,337.75341589099,NA,NA,NA,2016-06-27
"180",339.1,339.433829681744,NA,NA,NA,2016-06-28
"181",339.12,337.302765265071,NA,NA,NA,2016-06-29
"182",338.87,339.321805518885,NA,NA,NA,2016-06-30
"183",338.66,337.192030336665,NA,NA,NA,2016-07-01
"184",338.04,338.993977010665,NA,NA,NA,2016-07-02
"185",338.04,336.720680223494,NA,NA,NA,2016-07-03
"186",338.04,338.85445068923,NA,NA,NA,2016-07-04
"187",337.39,336.851642949321,NA,NA,NA,2016-07-05
"188",337.07,338.121420488941,NA,NA,NA,2016-07-06
"189",337.07,336.629217455759,NA,NA,NA,2016-07-07
"190",337.26,338.029834735062,NA,NA,NA,2016-07-08
"191",338.46,336.893520545701,NA,NA,NA,2016-07-09
"192",338.46,339.086440644868,NA,NA,NA,2016-07-10
"193",338.46,337.028113651337,NA,NA,NA,2016-07-11
"194",337.71,338.960108352789,NA,NA,NA,2016-07-12
"195",338.51,336.442724298255,NA,NA,NA,2016-07-13
"196",338.35,339.556499920978,NA,NA,NA,2016-07-14
"197",338.95,336.483656210173,NA,NA,NA,2016-07-15
"198",338.52,339.93107472572,NA,NA,NA,2016-07-16
"199",338.52,336.291637429844,NA,NA,NA,2016-07-17
"200",338.52,339.707699889314,NA,NA,NA,2016-07-18
"201",338.88,336.501302367306,NA,NA,NA,2016-07-19
"202",338.72,339.848807956779,NA,NA,NA,2016-07-20
"203",339.9,336.556579736729,NA,NA,NA,2016-07-21
"204",342.23,340.754319576901,NA,NA,NA,2016-07-22
"205",341.51,339.001214513297,NA,NA,NA,2016-07-23
"206",341.51,339.970911512464,NA,NA,NA,2016-07-24
"207",341.51,339.060730831601,NA,NA,NA,2016-07-25
"208",343.88,339.915048079698,NA,NA,NA,2016-07-26
"209",350.2,341.337703981784,NA,NA,NA,2016-07-27
"210",352.13,345.934467702089,NA,NA,NA,2016-07-28
"211",352.75,343.43137980893,NA,NA,NA,2016-07-29
"212",352.25,346.362784430613,NA,NA,NA,2016-07-30
"213",352.25,343.141986390026,NA,NA,NA,2016-07-31
"214",352.25,346.165104081452,NA,NA,NA,2016-08-01
"215",352.1,343.327533870268,NA,NA,NA,2016-08-02
"216",353.7,345.850151230932,NA,NA,NA,2016-08-03
"217",354.01,344.984160619198,NA,NA,NA,2016-08-04
"218",352.06,346.087973394319,NA,NA,NA,2016-08-05
"219",348.97,343.221592047077,NA,NA,NA,2016-08-06
"220",348.97,343.011698257784,NA,NA,NA,2016-08-07
"221",348.97,343.208709563596,NA,NA,NA,2016-08-08
"222",348.35,343.023790063365,NA,NA,NA,2016-08-09
"223",345.89,342.615413151969,NA,NA,NA,2016-08-10
"224",346.42,340.689710895218,NA,NA,NA,2016-08-11
"225",347.18,342.994691475716,NA,NA,NA,2016-08-12
"226",344.46,341.544535934463,NA,NA,NA,2016-08-13
"227",344.46,340.352629704944,NA,NA,NA,2016-08-14
"228",344.46,341.471381257688,NA,NA,NA,2016-08-15
"229",343.39,340.421294425545,NA,NA,NA,2016-08-16
"230",343.73,340.402603452288,NA,NA,NA,2016-08-17
"231",341.2,340.739279336136,NA,NA,NA,2016-08-18
"232",340.09,338.048549128642,NA,NA,NA,2016-08-19
"233",338.51,339.532260120584,NA,NA,NA,2016-08-20
"234",338.51,336.656588071471,NA,NA,NA,2016-08-21
"235",338.51,339.355762293779,NA,NA,NA,2016-08-22
"236",338.82,336.822253132114,NA,NA,NA,2016-08-23
"237",341,339.491238502832,NA,NA,NA,2016-08-24
"238",338.83,339.032265196701,NA,NA,NA,2016-08-25
"239",339.5,337.42625482177,NA,NA,NA,2016-08-26
"240",338.73,339.562572325574,NA,NA,NA,2016-08-27
"241",338.73,336.834633550174,NA,NA,NA,2016-08-28
"242",338.73,339.395141805928,NA,NA,NA,2016-08-29
"243",338.98,336.991787820528,NA,NA,NA,2016-08-30
"244",338.98,339.482289017373,NA,NA,NA,2016-08-31
"245",340.1,337.144645323537,NA,NA,NA,2016-09-01
"246",341.06,340.390071981701,NA,NA,NA,2016-09-02
"247",341.97,338.24491613036,NA,NA,NA,2016-09-03
"248",341.97,341.112558120905,NA,NA,NA,2016-09-04
"249",341.97,338.420921102673,NA,NA,NA,2016-09-05
"250",340.9,340.947355665218,NA,NA,NA,2016-09-06
"251",339.8,337.571656594653,NA,NA,NA,2016-09-07
"252",337.57,339.70768190077,NA,NA,NA,2016-09-08
"253",337.16,335.609626643096,NA,NA,NA,2016-09-09
"254",337.41,339.071323078554,NA,NA,NA,2016-09-10
"255",337.41,336.056748370307,NA,NA,NA,2016-09-11
"256",337.41,338.886299934169,NA,NA,NA,2016-09-12
"257",337.41,336.230415496921,NA,NA,NA,2016-09-13
"258",337.64,338.723291836092,NA,NA,NA,2016-09-14
"259",338.86,336.599302250825,NA,NA,NA,2016-09-15
"260",339.5,339.738050457876,NA,NA,NA,2016-09-16
"261",339.5,337.392665923992,NA,NA,NA,2016-09-17
"262",339.5,339.594099664398,NA,NA,NA,2016-09-18
"263",339.5,337.52778156458,NA,NA,NA,2016-09-19
"264",339.35,339.467276908577,NA,NA,NA,2016-09-20
"265",339.4,337.506026851607,NA,NA,NA,2016-09-21
"266",338.96,339.393834020044,NA,NA,NA,2016-09-22
"267",337.78,337.208898813164,NA,NA,NA,2016-09-23
"268",337.37,338.152154914407,NA,NA,NA,2016-09-24
"269",337.37,336.88195653216,NA,NA,NA,2016-09-25
"270",337.37,338.074194962699,NA,NA,NA,2016-09-26
"271",337.56,336.955131598172,NA,NA,NA,2016-09-27
"272",337.16,338.183849626011,NA,NA,NA,2016-09-28
"273",336.99,336.655096123849,NA,NA,NA,2016-09-29
"274",334.93,337.930454497429,NA,NA,NA,2016-09-30
"275",335.46,334.799807751078,NA,NA,NA,2016-10-01
"276",335.46,338.235777905524,NA,NA,NA,2016-10-02
"277",335.46,335.010694547232,NA,NA,NA,2016-10-03
"278",335.09,338.037834539841,NA,NA,NA,2016-10-04
"279",333.59,334.849198095553,NA,NA,NA,2016-10-05
"280",332.75,336.434192449369,NA,NA,NA,2016-10-06
"281",332.69,334.158035037372,NA,NA,NA,2016-10-07
"282",331.41,336.238173125749,NA,NA,NA,2016-10-08
"283",331.41,333.084267549367,NA,NA,NA,2016-10-09
"284",331.41,336.044598381942,NA,NA,NA,2016-10-10
"285",332.14,333.265961410715,NA,NA,NA,2016-10-11
"286",330.37,336.559251572607,NA,NA,NA,2016-10-12
"287",330.71,331.806726927364,NA,NA,NA,2016-10-13
"288",331.36,336.586691754421,NA,NA,NA,2016-10-14
"289",331.01,332.710208480304,NA,NA,NA,2016-10-15
"290",331.01,336.020249606806,NA,NA,NA,2016-10-16
"291",331.01,332.913366231079,NA,NA,NA,2016-10-17
"292",331.74,335.829560907056,NA,NA,NA,2016-10-18
"293",332.12,333.777546555779,NA,NA,NA,2016-10-19
"294",332.18,336.06029310446,NA,NA,NA,2016-10-20
"295",330.56,333.97397029558,NA,NA,NA,2016-10-21
"296",331.4,334.411671981831,NA,NA,NA,2016-10-22
"297",331.4,334.789278753258,NA,NA,NA,2016-10-23
"298",331.4,334.434848051079,NA,NA,NA,2016-10-24
"299",330.24,334.767525143104,NA,NA,NA,2016-10-25
"300",330.12,333.366462900883,NA,NA,NA,2016-10-26
"301",331.18,334.568898408938,NA,NA,NA,2016-10-27
"302",332.6,334.435205051309,NA,NA,NA,2016-10-28
"303",333.5,335.893538612529,NA,NA,NA,2016-10-29
"304",333.5,335.369473444403,NA,NA,NA,2016-10-30
"305",333.5,335.861373483231,NA,NA,NA,2016-10-31
"306",335.12,335.399664400248,NA,NA,NA,2016-11-01
"307",336,337.353606087328,NA,NA,NA,2016-11-02
"308",337.66,336.34557886151,NA,NA,NA,2016-11-03
"309",338.35,338.849852711014,NA,NA,NA,2016-11-04
"310",338.84,337.146932098666,NA,NA,NA,2016-11-05
"311",338.84,339.205259573888,NA,NA,NA,2016-11-06
"312",338.84,337.273264420302,NA,NA,NA,2016-11-07
"313",339.99,339.086681050266,NA,NA,NA,2016-11-08
"314",339.75,338.463982412985,NA,NA,NA,2016-11-09
"315",341.18,338.823192461635,NA,NA,NA,2016-11-10
"316",338.33,339.82826139329,NA,NA,NA,2016-11-11
"317",340.63,336.209801948739,NA,NA,NA,2016-11-12
"318",340.63,341.765008834529,NA,NA,NA,2016-11-13
"319",340.63,336.550759445299,NA,NA,NA,2016-11-14
"320",343.23,341.444978013942,NA,NA,NA,2016-11-15
"321",344.56,339.29156986619,NA,NA,NA,2016-11-16
"322",340.05,342.561179653958,NA,NA,NA,2016-11-17
"323",341.22,335.259052763224,NA,NA,NA,2016-11-18
"324",341.07,343.211192687749,NA,NA,NA,2016-11-19
"325",341.07,335.606331334885,NA,NA,NA,2016-11-20
"326",341.07,342.744435185847,NA,NA,NA,2016-11-21
"327",338.99,336.044441034352,NA,NA,NA,2016-11-22
"328",335.48,340.380877494405,NA,NA,NA,2016-11-23
"329",334.5,333.016025498683,NA,NA,NA,2016-11-24
"330",335.69,339.008999532499,NA,NA,NA,2016-11-25
"331",337.86,334.500813800231,NA,NA,NA,2016-11-26
"332",337.86,340.769117860106,NA,NA,NA,2016-11-27
"333",337.86,334.885538492555,NA,NA,NA,2016-11-28
"334",340.24,340.408006107976,NA,NA,NA,2016-11-29
"335",340.3,337.458411217767,NA,NA,NA,2016-11-30
"336",341.44,340.283288605906,NA,NA,NA,2016-12-01
"337",341.44,338.701822591651,NA,NA,NA,2016-12-02
"338",335.71,340.186224229331,NA,NA,NA,2016-12-03
"339",335.71,333.414615159441,NA,NA,NA,2016-12-04
"340",335.71,339.770608587354,NA,NA,NA,2016-12-05
"341",334.48,333.804721892077,NA,NA,NA,2016-12-06
"342",335.61,338.249937851806,NA,NA,NA,2016-12-07
"343",336.23,335.138197254458,NA,NA,NA,2016-12-08
"344",334.89,338.640897789384,NA,NA,NA,2016-12-09
"345",334.31,334.095423817739,NA,NA,NA,2016-12-10
"346",334.31,337.817512060312,NA,NA,NA,2016-12-11
"347",334.31,334.323871455289,NA,NA,NA,2016-12-12
"348",331.12,337.60308567097,NA,NA,NA,2016-12-13
"349",330.24,331.530927249797,NA,NA,NA,2016-12-14
"350",331.25,336.404410710086,NA,NA,NA,2016-12-15
"351",334.88,332.778053188705,NA,NA,NA,2016-12-16
"352",334.88,339.589043049529,NA,NA,NA,2016-12-17
"353",334.88,333.196085874037,NA,NA,NA,2016-12-18
"354",334.88,339.196667622478,NA,NA,NA,2016-12-19
"355",334.88,333.564378787859,NA,NA,NA,2016-12-20
"356",334.79,338.850979128703,NA,NA,NA,2016-12-21
"357",332.9,333.804374093148,NA,NA,NA,2016-12-22
"358",332.09,336.767238702346,NA,NA,NA,2016-12-23
"359",328.91,333.225938191202,NA,NA,NA,2016-12-24
"360",328.91,333.565063449414,NA,NA,NA,2016-12-25
"361",328.91,333.246752411345,NA,NA,NA,2016-12-26
"362",332.88,333.545526727038,NA,NA,NA,2016-12-27
"363",333.34,336.991426524414,NA,NA,NA,2016-12-28
"364",332.61,334.188789914319,NA,NA,NA,2016-12-29
"365",333.28,336.134215962434,NA,NA,NA,2016-12-30
"366",333.29,334.9370707203,NA,NA,NA,2016-12-31
"367",333.29,336.070125972951,NA,NA,NA,2017-01-01
"368",333.29,335.006613347667,NA,NA,NA,2017-01-02
"369",333.29,336.004851607886,NA,NA,NA,2017-01-03
"370",333.29,335.067881420157,NA,NA,NA,2017-01-04
"371",334.51,335.947343936951,NA,NA,NA,2017-01-05
"372",332.56,336.266980523009,NA,NA,NA,2017-01-06
"373",330.67,334.136645609129,NA,NA,NA,2017-01-07
"374",330.67,334.362229678935,NA,NA,NA,2017-01-08
"375",330.67,334.150491102427,NA,NA,NA,2017-01-09
"376",330.54,334.349233969422,NA,NA,NA,2017-01-10
"377",332.85,334.040668090836,NA,NA,NA,2017-01-11
"378",333.96,336.498516342717,NA,NA,NA,2017-01-12
"379",331.85,335.23339389658,NA,NA,NA,2017-01-13
"380",332.06,334.440371717609,NA,NA,NA,2017-01-14
"381",332.06,335.381832205329,NA,NA,NA,2017-01-15
"382",332.06,334.498154986099,NA,NA,NA,2017-01-16
"383",333.25,335.327595454362,NA,NA,NA,2017-01-17
"384",332.68,335.666025211668,NA,NA,NA,2017-01-18
"385",330.55,334.813351422091,NA,NA,NA,2017-01-19
"386",331.08,333.614422642394,NA,NA,NA,2017-01-20
"387",331.87,335.237236341127,NA,NA,NA,2017-01-21
"388",331.87,334.455537583684,NA,NA,NA,2017-01-22
"389",331.87,335.189258640768,NA,NA,NA,2017-01-23
"390",331.42,334.500570595044,NA,NA,NA,2017-01-24
"391",328.49,334.724608875205,NA,NA,NA,2017-01-25
"392",327.86,331.764153483705,NA,NA,NA,2017-01-26
"393",328.28,333.951574375776,NA,NA,NA,2017-01-27
"394",328.73,332.292631064309,NA,NA,NA,2017-01-28
"395",328.73,334.272135446381,NA,NA,NA,2017-01-29
"396",328.73,332.414125523907,NA,NA,NA,2017-01-30
"397",326.25,334.158097855203,NA,NA,NA,2017-01-31
"398",324.24,330.193376900359,NA,NA,NA,2017-02-01
"399",324.36,332.028124508227,NA,NA,NA,2017-02-02
"400",325,330.418621594865,NA,NA,NA,2017-02-03
"401",322.92,332.530058564399,NA,NA,NA,2017-02-04
"402",322.92,328.595876074402,NA,NA,NA,2017-02-05
"403",322.92,332.288593387606,NA,NA,NA,2017-02-06
"404",321.8,328.822521035876,NA,NA,NA,2017-02-07
"405",323.05,331.024600378481,NA,NA,NA,2017-02-08
"406",324.62,330.130956049343,NA,NA,NA,2017-02-09
"407",323.96,332.443391247994,NA,NA,NA,2017-02-10
"408",323.3,329.653392830701,NA,NA,NA,2017-02-11
"409",323.3,331.652660036183,NA,NA,NA,2017-02-12
"410",323.3,329.776100257328,NA,NA,NA,2017-02-13
"411",321.95,331.537483925284,NA,NA,NA,2017-02-14
"412",322.49,328.61706516792,NA,NA,NA,2017-02-15
"413",320.7,331.865096566754,NA,NA,NA,2017-02-16
"414",319.42,327.136280397641,NA,NA,NA,2017-02-17
"415",318.61,330.373421331017,NA,NA,NA,2017-02-18
"416",318.61,326.574678534603,NA,NA,NA,2017-02-19
"417",318.61,330.140268928133,NA,NA,NA,2017-02-20
"418",319.19,326.793520928654,NA,NA,NA,2017-02-21
"419",317.26,330.479260052127,NA,NA,NA,2017-02-22
"420",314.09,325.208193664025,NA,NA,NA,2017-02-23
"421",312.65,327.180304578367,NA,NA,NA,2017-02-24
"422",311.49,323.977616070653,NA,NA,NA,2017-02-25
"423",311.49,325.894932117149,NA,NA,NA,2017-02-26
"424",311.49,324.095293646442,NA,NA,NA,2017-02-27
"425",312.47,325.78447714395,NA,NA,NA,2017-02-28
"426",312.76,325.118820635605,NA,NA,NA,2017-03-01
"427",313.79,326.015822577639,NA,NA,NA,2017-03-02
"428",315,326.140657720015,NA,NA,NA,2017-03-03
"429",317.46,327.159219280801,NA,NA,NA,2017-03-04
"430",317.46,328.512187704085,NA,NA,NA,2017-03-05
"431",317.46,327.242259343216,NA,NA,NA,2017-03-06
"432",316.26,328.434244325263,NA,NA,NA,2017-03-07
"433",315.16,326.189070295186,NA,NA,NA,2017-03-08
"434",315.16,327.263957893372,NA,NA,NA,2017-03-09
"435",316.81,326.255042812879,NA,NA,NA,2017-03-10
"436",317.97,328.750763785925,NA,NA,NA,2017-03-11
"437",317.97,327.497024292315,NA,NA,NA,2017-03-12
"438",317.97,328.67381401828,NA,NA,NA,2017-03-13
"439",318.07,327.569251175524,NA,NA,NA,2017-03-14
"440",317.96,328.699882526662,NA,NA,NA,2017-03-15
"441",319.02,327.535396415177,NA,NA,NA,2017-03-16
"442",317.63,329.623352019104,NA,NA,NA,2017-03-17
"443",315.05,326.358860118733,NA,NA,NA,2017-03-18
"444",315.55,327.00134050638,NA,NA,NA,2017-03-19
"445",315.55,326.867605023699,NA,NA,NA,2017-03-20
"446",315.55,326.993132330463,NA,NA,NA,2017-03-21
"447",315.55,326.875309412958,NA,NA,NA,2017-03-22
"448",315.55,326.98590080735,NA,NA,NA,2017-03-23
"449",315.55,326.882097092652,NA,NA,NA,2017-03-24
"450",316.56,326.979529729652,NA,NA,NA,2017-03-25
"451",316.56,327.836087174403,NA,NA,NA,2017-03-26
"452",316.56,327.032101971879,NA,NA,NA,2017-03-27
"453",315.43,327.786741616702,NA,NA,NA,2017-03-28
"454",314.83,326.017773994259,NA,NA,NA,2017-03-29
"455",315.15,327.114994824493,NA,NA,NA,2017-03-30
"456",314.79,326.385476856456,NA,NA,NA,2017-03-31
"457",313.73,326.732315215272,NA,NA,NA,2017-04-01
"458",313.73,325.411823250884,NA,NA,NA,2017-04-02
"459",313.73,326.651268434537,NA,NA,NA,2017-04-03
"460",313.49,325.487895688082,NA,NA,NA,2017-04-04
"461",312.69,326.354595322897,NA,NA,NA,2017-04-05
"462",312.08,324.790191380518,NA,NA,NA,2017-04-06
"463",312.94,325.686017634327,NA,NA,NA,2017-04-07
"464",313.02,325.652390259886,NA,NA,NA,2017-04-08
"465",313.02,325.75904361771,NA,NA,NA,2017-04-09
"466",313.02,325.658936237854,NA,NA,NA,2017-04-10
"467",313.21,325.752899407004,NA,NA,NA,2017-04-11
"468",311.37,325.843041861984,NA,NA,NA,2017-04-12
"469",311.76,324.031364219023,NA,NA,NA,2017-04-13
"470",311.71,326.097911251584,NA,NA,NA,2017-04-14
"471",310.87,324.111269835936,NA,NA,NA,2017-04-15
"472",310.87,325.18753475714,NA,NA,NA,2017-04-16
"473",310.87,324.177326888483,NA,NA,NA,2017-04-17
"474",310.81,325.125532035552,NA,NA,NA,2017-04-18
"475",310.66,324.179206690628,NA,NA,NA,2017-04-19
"476",311.46,324.926656610814,NA,NA,NA,2017-04-20
"477",312.38,324.975981366346,NA,NA,NA,2017-04-21
"478",312.74,325.793217871668,NA,NA,NA,2017-04-22
"479",312.74,325.364044806178,NA,NA,NA,2017-04-23
"480",312.74,325.766876859171,NA,NA,NA,2017-04-24
"481",311.89,325.388769107387,NA,NA,NA,2017-04-25
"482",311.58,324.94583981283,NA,NA,NA,2017-04-26
"483",312.44,325.070610412234,NA,NA,NA,2017-04-27
"484",313.9,325.760714225074,NA,NA,NA,2017-04-28
"485",314.4,326.483357108805,NA,NA,NA,2017-04-29
"486",314.4,326.274379199543,NA,NA,NA,2017-04-30
"487",314.4,326.470530838561,NA,NA,NA,2017-05-01
"488",314.4,326.286418242042,NA,NA,NA,2017-05-02
"489",315.22,326.459230706759,NA,NA,NA,2017-05-03
"490",315.35,327.066696329542,NA,NA,NA,2017-05-04
"491",315.68,326.618535732978,NA,NA,NA,2017-05-05
"492",318.09,327.348935788057,NA,NA,NA,2017-05-06
"493",318.09,328.925448268511,NA,NA,NA,2017-05-07
"494",318.09,327.445696135544,NA,NA,NA,2017-05-08
"495",318.09,328.834626703598,NA,NA,NA,2017-05-09
"496",318.09,327.530943417799,NA,NA,NA,2017-05-10
"497",318.43,328.754611575706,NA,NA,NA,2017-05-11
"498",316.25,327.925179612617,NA,NA,NA,2017-05-12
"499",315.5,326.657504311524,NA,NA,NA,2017-05-13
"500",315.5,327.143406669085,NA,NA,NA,2017-05-14
"501",315.5,326.687327152475,NA,NA,NA,2017-05-15
"502",313.52,327.115414240826,NA,NA,NA,2017-05-16
"503",312.04,324.855126390564,NA,NA,NA,2017-05-17
"504",313.18,325.587523136589,NA,NA,NA,2017-05-18
"505",313.54,325.970109251162,NA,NA,NA,2017-05-19
"506",312.55,325.948909386506,NA,NA,NA,2017-05-20
"507",312.55,325.039570523371,NA,NA,NA,2017-05-21
"508",312.55,325.893097621315,NA,NA,NA,2017-05-22
"509",310.7,325.091956774423,NA,NA,NA,2017-05-23
"510",310.83,324.107472611921,NA,NA,NA,2017-05-24
"511",311.2,325.153553970024,NA,NA,NA,2017-05-25
"512",310.57,324.518967917509,NA,NA,NA,2017-05-26
"513",311.59,324.523272495541,NA,NA,NA,2017-05-27
"514",311.59,325.476628390744,NA,NA,NA,2017-05-28
"515",311.59,324.581785858957,NA,NA,NA,2017-05-29
"516",310.4,325.421706355304,NA,NA,NA,2017-05-30
"517",311.23,323.516374668138,NA,NA,NA,2017-05-31
"518",312.26,326.083822086817,NA,NA,NA,2017-06-01
"519",312.35,324.640737350526,NA,NA,NA,2017-06-02
"520",313.17,326.079727169301,NA,NA,NA,2017-06-03
"521",313.17,325.498728594299,NA,NA,NA,2017-06-04
"522",313.17,326.044067683757,NA,NA,NA,2017-06-05
"523",312.84,325.532199436077,NA,NA,NA,2017-06-06
"524",312.99,325.702905301562,NA,NA,NA,2017-06-07
"525",312.65,325.683470283447,NA,NA,NA,2017-06-08
"526",314.11,325.382580362447,NA,NA,NA,2017-06-09
"527",315.18,327.035393549038,NA,NA,NA,2017-06-10
"528",315.18,326.488351221958,NA,NA,NA,2017-06-11
"529",315.18,327.001818169005,NA,NA,NA,2017-06-12
"530",316.39,326.519865872704,NA,NA,NA,2017-06-13
"531",315.96,328.107972564132,NA,NA,NA,2017-06-14
"532",316.27,326.213729595415,NA,NA,NA,2017-06-15
"533",317.65,328.282684503782,NA,NA,NA,2017-06-16
"534",319.7,327.636015030616,NA,NA,NA,2017-06-17
"535",319.7,330.167173175127,NA,NA,NA,2017-06-18
"536",319.7,327.791367902632,NA,NA,NA,2017-06-19
"537",319.56,330.021355272269,NA,NA,NA,2017-06-20
"538",321.72,327.796828724712,NA,NA,NA,2017-06-21
"539",326.28,331.912249687907,NA,NA,NA,2017-06-22
"540",327.63,332.329542152217,NA,NA,NA,2017-06-23
"541",326.88,333.205003642362,NA,NA,NA,2017-06-24
"542",326.88,331.679306803981,NA,NA,NA,2017-06-25
"543",326.88,333.111362165957,NA,NA,NA,2017-06-26
"544",325,331.767200922272,NA,NA,NA,2017-06-27
"545",322.01,331.264249913375,NA,NA,NA,2017-06-28
"546",323.13,328.929846542006,NA,NA,NA,2017-06-29
"547",321.46,332.172231756387,NA,NA,NA,2017-06-30
"548",322.27,327.561350086207,NA,NA,NA,2017-07-01
"549",320,332.649518631311,NA,NA,NA,2017-07-02
"550",320,325.742966520659,NA,NA,NA,2017-07-03
"551",320.44,332.225620698089,NA,NA,NA,2017-07-04
"552",322.37,326.553841680356,NA,NA,NA,2017-07-05
"553",323.94,333.689052378208,NA,NA,NA,2017-07-06
"554",323.94,328.4654131729,NA,NA,NA,2017-07-07
"555",323.94,333.368445246378,NA,NA,NA,2017-07-08
"556",323.94,328.766342656841,NA,NA,NA,2017-07-09
"557",323.94,333.085985671046,NA,NA,NA,2017-07-10
"558",326.44,329.031465936394,NA,NA,NA,2017-07-11
"559",327.2,335.183694147827,NA,NA,NA,2017-07-12
"560",328.52,330.122420421015,NA,NA,NA,2017-07-13
"561",327.56,336.112035806475,NA,NA,NA,2017-07-14
"562",326.72,329.588961414465,NA,NA,NA,2017-07-15
"563",326.72,334.923230288102,NA,NA,NA,2017-07-16
"564",326.72,329.916358575097,NA,NA,NA,2017-07-17
"565",325.62,334.615927521534,NA,NA,NA,2017-07-18
"566",325.91,329.172314086703,NA,NA,NA,2017-07-19
"567",326.02,334.554020108691,NA,NA,NA,2017-07-20
"568",325.56,329.605871377153,NA,NA,NA,2017-07-21
"569",324.98,333.818554588296,NA,NA,NA,2017-07-22
"570",324.98,329.320028067097,NA,NA,NA,2017-07-23
"571",324.98,333.542452118593,NA,NA,NA,2017-07-24
"572",326.7,329.579184416017,NA,NA,NA,2017-07-25
"573",326.97,334.913634735552,NA,NA,NA,2017-07-26
"574",326.66,330.160021138735,NA,NA,NA,2017-07-27
"575",325.58,334.330902612555,NA,NA,NA,2017-07-28
"576",326.74,329.402300297523,NA,NA,NA,2017-07-29
"577",326.74,335.117207330712,NA,NA,NA,2017-07-30
"578",326.74,329.753059582492,NA,NA,NA,2017-07-31
"579",328.07,334.787976318256,NA,NA,NA,2017-08-01
"580",330.07,331.310453298182,NA,NA,NA,2017-08-02
"581",335.21,336.451786762282,NA,NA,NA,2017-08-03
"582",335.71,336.450535141143,NA,NA,NA,2017-08-04
"583",333.36,336.921021841838,NA,NA,NA,2017-08-05
"584",333.36,334.27364590089,NA,NA,NA,2017-08-06
"585",333.36,336.758535962944,NA,NA,NA,2017-08-07
"586",331.67,334.42615901376,NA,NA,NA,2017-08-08
"587",332.19,335.029109305945,NA,NA,NA,2017-08-09
"588",332.39,334.951250187598,NA,NA,NA,2017-08-10
"589",332.69,335.212055368741,NA,NA,NA,2017-08-11
"590",333.17,335.248844558502,NA,NA,NA,2017-08-12
"591",333.17,335.664852772795,NA,NA,NA,2017-08-13
"592",333.17,335.274377562441,NA,NA,NA,2017-08-14
"593",332.42,335.640886887648,NA,NA,NA,2017-08-15
"594",332.91,334.592904663633,NA,NA,NA,2017-08-16
"595",332.7,336.03649138094,NA,NA,NA,2017-08-17
"596",332.68,334.484395535003,NA,NA,NA,2017-08-18
"597",332.8,335.922457157758,NA,NA,NA,2017-08-19
"598",332.8,334.6852931506,NA,NA,NA,2017-08-20
"599",332.8,335.846524730508,NA,NA,NA,2017-08-21
"600",332.58,334.756565133903,NA,NA,NA,2017-08-22
"601",333.08,335.573129915109,NA,NA,NA,2017-08-23
"602",333.32,335.275994677666,NA,NA,NA,2017-08-24
"603",331.22,335.780162594605,NA,NA,NA,2017-08-25
"604",332.85,333.335828612178,NA,NA,NA,2017-08-26
"605",332.85,337.160095451588,NA,NA,NA,2017-08-27
"606",332.85,333.570547583865,NA,NA,NA,2017-08-28
"607",333.44,336.939782638776,NA,NA,NA,2017-08-29
"608",334.7,334.331126474293,NA,NA,NA,2017-08-30
"609",334.7,337.962339218933,NA,NA,NA,2017-08-31
"610",337.04,334.553996518981,NA,NA,NA,2017-09-01
"611",337.04,339.949527779748,NA,NA,NA,2017-09-02
"612",337.04,334.885153732224,NA,NA,NA,2017-09-03
"613",337.04,339.638695738316,NA,NA,NA,2017-09-04
"614",338.22,335.176908083684,NA,NA,NA,2017-09-05
"615",340.58,340.472424243052,NA,NA,NA,2017-09-06
"616",341.22,337.717078914652,NA,NA,NA,2017-09-07
"617",336.66,340.904030844402,NA,NA,NA,2017-09-08
"618",334.29,333.632557396415,NA,NA,NA,2017-09-09
"619",334.29,338.233197022973,NA,NA,NA,2017-09-10
"620",334.29,333.914927180637,NA,NA,NA,2017-09-11
"621",336.49,337.968158023493,NA,NA,NA,2017-09-12
"622",338.67,336.228671450062,NA,NA,NA,2017-09-13
"623",340,339.907594826235,NA,NA,NA,2017-09-14
"624",338.08,337.702839444237,NA,NA,NA,2017-09-15
"625",338.9,337.970117622564,NA,NA,NA,2017-09-16
"626",338.9,338.4889154784,NA,NA,NA,2017-09-17
"627",338.9,338.001959464242,NA,NA,NA,2017-09-18
"628",340.02,338.459027968009,NA,NA,NA,2017-09-19
"629",340.95,339.081271247224,NA,NA,NA,2017-09-20
"630",341.61,339.370139029536,NA,NA,NA,2017-09-21
"631",340.35,339.718492561491,NA,NA,NA,2017-09-22
"632",340.11,338.208853659813,NA,NA,NA,2017-09-23
"633",340.11,339.400566948575,NA,NA,NA,2017-09-24
"634",340.11,338.281996494617,NA,NA,NA,2017-09-25
"635",341.27,339.331913343129,NA,NA,NA,2017-09-26
"636",339.68,339.435240008942,NA,NA,NA,2017-09-27
"637",339.91,337.845843301581,NA,NA,NA,2017-09-28
"638",340.43,339.553572350231,NA,NA,NA,2017-09-29
"639",341.19,338.438741598862,NA,NA,NA,2017-09-30
"640",341.19,340.198502360472,NA,NA,NA,2017-10-01
"641",341.19,338.546749029757,NA,NA,NA,2017-10-02
"642",341.24,340.097124015407,NA,NA,NA,2017-10-03
"643",342.36,338.68883634703,NA,NA,NA,2017-10-04
"644",343.61,341.061947322312,NA,NA,NA,2017-10-05
"645",345,340.007768632427,NA,NA,NA,2017-10-06
"646",343.66,342.30193291882,NA,NA,NA,2017-10-07
"647",343.66,338.890819831537,NA,NA,NA,2017-10-08
"648",343.66,342.092571755026,NA,NA,NA,2017-10-09
"649",341.97,339.087331202379,NA,NA,NA,2017-10-10
"650",337.48,340.321847285996,NA,NA,NA,2017-10-11
"651",335.54,334.948680254361,NA,NA,NA,2017-10-12
"652",334.25,338.171132534873,NA,NA,NA,2017-10-13
"653",334.21,333.935637434272,NA,NA,NA,2017-10-14
"654",334.21,337.873628982667,NA,NA,NA,2017-10-15
"655",334.21,334.177336396601,NA,NA,NA,2017-10-16
"656",333.03,337.646764584525,NA,NA,NA,2017-10-17
"657",333.53,333.28270063739,NA,NA,NA,2017-10-18
"658",333.57,337.848226816154,NA,NA,NA,2017-10-19
"659",334.11,333.600460243513,NA,NA,NA,2017-10-20
"660",335.24,338.094371890805,NA,NA,NA,2017-10-21
"661",335.24,334.93692436222,NA,NA,NA,2017-10-22
"662",335.24,337.900579755426,NA,NA,NA,2017-10-23
"663",336.05,335.118822272471,NA,NA,NA,2017-10-24
"664",334.94,338.490131324825,NA,NA,NA,2017-10-25
"665",332.94,334.283867999338,NA,NA,NA,2017-10-26
"666",333.87,336.35471926265,NA,NA,NA,2017-10-27
"667",334.4,335.283889116226,NA,NA,NA,2017-10-28
"668",334.4,336.786466389199,NA,NA,NA,2017-10-29
"669",334.4,335.37611160153,NA,NA,NA,2017-10-30
"670",334,336.699904169726,NA,NA,NA,2017-10-31
"671",334.71,335.081911441342,NA,NA,NA,2017-11-01
"672",335.14,337.267020819205,NA,NA,NA,2017-11-02
"673",335.15,335.619633387971,NA,NA,NA,2017-11-03
"674",334.1,337.175296674452,NA,NA,NA,2017-11-04
"675",334.1,334.729559102585,NA,NA,NA,2017-11-05
"676",334.1,337.025186592705,NA,NA,NA,2017-11-06
"677",334.52,334.870455997725,NA,NA,NA,2017-11-07
"678",332.9,337.287159409194,NA,NA,NA,2017-11-08
"679",333.76,333.49821351924,NA,NA,NA,2017-11-09
"680",332.99,337.861824770022,NA,NA,NA,2017-11-10
"681",332.57,333.043295077203,NA,NA,NA,2017-11-11
"682",332.57,337.171859725796,NA,NA,NA,2017-11-12
"683",332.57,333.296690692508,NA,NA,NA,2017-11-13
"684",332.74,336.934016570806,NA,NA,NA,2017-11-14
"685",332.86,333.679501983883,NA,NA,NA,2017-11-15
"686",332.72,336.846901683941,NA,NA,NA,2017-11-16
"687",332.38,333.742497613936,NA,NA,NA,2017-11-17
"688",332.21,336.337233063029,NA,NA,NA,2017-11-18
"689",332.21,333.742186573637,NA,NA,NA,2017-11-19
"690",332.21,336.177958967092,NA,NA,NA,2017-11-20
"691",331,333.891685030587,NA,NA,NA,2017-11-21
"692",330.29,334.901901361219,NA,NA,NA,2017-11-22
"693",330.22,333.287265374523,NA,NA,NA,2017-11-23
"694",330,334.737097471832,NA,NA,NA,2017-11-24
"695",330.39,333.169753325607,NA,NA,NA,2017-11-25
"696",330.39,335.006963123333,NA,NA,NA,2017-11-26
"697",330.39,333.28251428414,NA,NA,NA,2017-11-27
"698",330.65,334.9011230041,NA,NA,NA,2017-11-28
"699",331.5,333.62590052654,NA,NA,NA,2017-11-29
"700",331.61,335.620684921328,NA,NA,NA,2017-11-30
"701",331.22,333.851581433123,NA,NA,NA,2017-12-01
"702",331.22,335.146040787905,NA,NA,NA,2017-12-02
"703",331.22,333.931030431167,NA,NA,NA,2017-12-03
"704",331.22,335.071468067564,NA,NA,NA,2017-12-04
"705",332.75,334.001026161206,NA,NA,NA,2017-12-05
"706",332.99,336.441862821428,NA,NA,NA,2017-12-06
"707",333.43,334.37610515528,NA,NA,NA,2017-12-07
"708",334.85,336.728068934288,NA,NA,NA,2017-12-08
"709",334.32,335.853305551865,NA,NA,NA,2017-12-09
"710",334.32,336.176908667498,NA,NA,NA,2017-12-10
"711",334.32,335.873167081859,NA,NA,NA,2017-12-11
"712",335.05,336.158266162768,NA,NA,NA,2017-12-12
"713",334.85,336.575860753452,NA,NA,NA,2017-12-13
"714",335.38,335.996171772741,NA,NA,NA,2017-12-14
"715",334.92,337.037752259097,NA,NA,NA,2017-12-15
"716",335.33,335.628333079068,NA,NA,NA,2017-12-16
"717",335.33,337.336083221099,NA,NA,NA,2017-12-17
"718",335.33,335.733148295701,NA,NA,NA,2017-12-18
"719",335.33,337.23770116431,NA,NA,NA,2017-12-19
"720",335.33,335.82549203556,NA,NA,NA,2017-12-20
"721",335.68,337.151025132425,NA,NA,NA,2017-12-21
"722",334.13,336.235366551371,NA,NA,NA,2017-12-22
"723",332.68,335.639958599102,NA,NA,NA,2017-12-23
"724",332.68,334.837818164995,NA,NA,NA,2017-12-24
"725",332.68,335.590726266278,NA,NA,NA,2017-12-25
"726",333.32,334.884028804244,NA,NA,NA,2017-12-26
"727",332.36,336.148071091643,NA,NA,NA,2017-12-27
"728",331.38,334.060532071566,NA,NA,NA,2017-12-28
"729",331.31,335.100094553705,NA,NA,NA,2017-12-29
"730",332.33,334.058632801919,NA,NA,NA,2017-12-30
"731",332.33,335.993569862079,NA,NA,NA,2017-12-31
"732",332.33,334.177391888592,NA,NA,NA,2018-01-01
"733",332.33,335.882099757026,NA,NA,NA,2018-01-02
"734",332.33,334.282020382028,NA,NA,NA,2018-01-03
"735",333.29,335.783892963074,NA,NA,NA,2018-01-04
"736",332.42,335.275278462688,NA,NA,NA,2018-01-05
"737",330.13,334.936073432276,NA,NA,NA,2018-01-06
"738",330.13,333.105010847603,NA,NA,NA,2018-01-07
"739",330.13,334.823689766329,NA,NA,NA,2018-01-08
"740",330.43,333.210496831035,NA,NA,NA,2018-01-09
"741",330.26,335.006265251443,NA,NA,NA,2018-01-10
"742",330.16,333.161148229484,NA,NA,NA,2018-01-11
"743",330.61,334.799156597663,NA,NA,NA,2018-01-12
"744",329.67,333.684063670337,NA,NA,NA,2018-01-13
"745",329.67,333.848410058894,NA,NA,NA,2018-01-14
"746",329.67,333.694150627378,NA,NA,NA,2018-01-15
"747",329.41,333.838942200959,NA,NA,NA,2018-01-16
"748",327.89,333.458995196517,NA,NA,NA,2018-01-17
"749",327.1,332.388914323205,NA,NA,NA,2018-01-18
"750",325.2,332.651804896432,NA,NA,NA,2018-01-19
"751",324.27,330.621664330602,NA,NA,NA,2018-01-20
"752",324.27,331.654282447512,NA,NA,NA,2018-01-21
"753",324.27,330.6850425081,NA,NA,NA,2018-01-22
"754",324.65,331.594794181799,NA,NA,NA,2018-01-23
"755",323.2,331.097556653509,NA,NA,NA,2018-01-24
"756",321.07,330.203271123136,NA,NA,NA,2018-01-25
"757",319.83,329.043400113652,NA,NA,NA,2018-01-26
"758",320.66,328.968189136194,NA,NA,NA,2018-01-27
"759",320.66,329.817841702403,NA,NA,NA,2018-01-28
"760",320.66,329.020337583206,NA,NA,NA,2018-01-29
"761",322.25,329.768893928977,NA,NA,NA,2018-01-30
"762",322.43,330.558692968029,NA,NA,NA,2018-01-31
"763",322.9,329.986321077603,NA,NA,NA,2018-02-01
"764",322.73,330.964716140964,NA,NA,NA,2018-02-02
"765",321.62,329.886805204282,NA,NA,NA,2018-02-03
"766",321.62,329.856685645776,NA,NA,NA,2018-02-04
"767",321.62,329.884956580193,NA,NA,NA,2018-02-05
"768",322.33,329.85842080834,NA,NA,NA,2018-02-06
"769",324.06,330.549750812332,NA,NA,NA,2018-02-07
"770",323.84,331.524671189492,NA,NA,NA,2018-02-08
"771",325.35,330.403090486041,NA,NA,NA,2018-02-09
"772",327.32,332.873154762275,NA,NA,NA,2018-02-10
"773",327.32,332.403782531764,NA,NA,NA,2018-02-11
"774",327.32,332.844346477731,NA,NA,NA,2018-02-12
"775",326.7,332.430822673235,NA,NA,NA,2018-02-13
"776",324.21,332.237019202287,NA,NA,NA,2018-02-14
"777",322.55,330.081754493823,NA,NA,NA,2018-02-15
"778",320.42,330.546621735802,NA,NA,NA,2018-02-16
"779",319.42,328.111017588235,NA,NA,NA,2018-02-17
"780",319.42,329.458509806531,NA,NA,NA,2018-02-18
"781",319.42,328.193721541991,NA,NA,NA,2018-02-19
"782",319.32,329.380881907296,NA,NA,NA,2018-02-20
"783",318.99,328.172722555787,NA,NA,NA,2018-02-21
"784",319.88,328.99698382209,NA,NA,NA,2018-02-22
"785",319.68,329.058687762029,NA,NA,NA,2018-02-23
"786",319.65,328.813046215811,NA,NA,NA,2018-02-24
"787",319.65,329.015452503061,NA,NA,NA,2018-02-25
"788",319.65,328.825469144859,NA,NA,NA,2018-02-26
"789",318.91,329.003792046208,NA,NA,NA,2018-02-27
"790",318.68,328.141832316189,NA,NA,NA,2018-02-28
"791",320.3,328.735004758551,NA,NA,NA,2018-03-01
"792",321.34,329.698809541223,NA,NA,NA,2018-03-02
"793",322.39,329.770328185547,NA,NA,NA,2018-03-03
"794",322.2,330.688754072485,NA,NA,NA,2018-03-04
"795",322.2,329.648359156005,NA,NA,NA,2018-03-05
"796",321.26,330.624898584571,NA,NA,NA,2018-03-06
"797",319.45,328.825989065936,NA,NA,NA,2018-03-07
"798",320.19,328.815579276189,NA,NA,NA,2018-03-08
"799",320.19,329.519931763559,NA,NA,NA,2018-03-09
"800",320.19,328.8588097563,NA,NA,NA,2018-03-10
"801",320.19,329.479354606101,NA,NA,NA,2018-03-11
"802",320.19,328.89689644197,NA,NA,NA,2018-03-12
"803",320.55,329.443605536521,NA,NA,NA,2018-03-13
"804",321.6,329.268355936958,NA,NA,NA,2018-03-14
"805",321.98,330.41840437035,NA,NA,NA,2018-03-15
"806",321.78,329.695618584682,NA,NA,NA,2018-03-16
"807",322.72,330.186317764688,NA,NA,NA,2018-03-17
"808",322.72,330.608042207071,NA,NA,NA,2018-03-18
"809",322.72,330.212201608993,NA,NA,NA,2018-03-19
"810",320.6,330.583747014807,NA,NA,NA,2018-03-20
"811",320.34,328.245123201581,NA,NA,NA,2018-03-21
"812",320.34,330.196168981042,NA,NA,NA,2018-03-22
"813",320.34,328.364870980253,NA,NA,NA,2018-03-23
"814",320.34,330.083770866149,NA,NA,NA,2018-03-24
"815",320.34,328.470370525811,NA,NA,NA,2018-03-25
"816",320.34,329.984746481945,NA,NA,NA,2018-03-26
"817",319.26,328.563317169468,NA,NA,NA,2018-03-27
"818",318.9,328.883790847703,NA,NA,NA,2018-03-28
"819",319.33,328.245082058981,NA,NA,NA,2018-03-29
"820",319.02,329.248197561864,NA,NA,NA,2018-03-30
"821",318.31,328.015676100529,NA,NA,NA,2018-03-31
"822",318.31,328.506127179425,NA,NA,NA,2018-04-01
"823",318.31,328.045778124717,NA,NA,NA,2018-04-02
"824",319.24,328.477872703136,NA,NA,NA,2018-04-03
"825",320.37,328.945218581291,NA,NA,NA,2018-04-04
"826",319.88,329.567201510305,NA,NA,NA,2018-04-05
"827",319.68,328.523467869479,NA,NA,NA,2018-04-06
"828",319.66,329.31541634445,NA,NA,NA,2018-04-07
"829",319.66,328.553302182594,NA,NA,NA,2018-04-08
"830",319.66,329.268640672173,NA,NA,NA,2018-04-09
"831",320.29,328.597206941789,NA,NA,NA,2018-04-10
"832",325.37,329.818763613447,NA,NA,NA,2018-04-11
"833",330.88,333.440390347034,NA,NA,NA,2018-04-12
"834",329.61,335.212862435557,NA,NA,NA,2018-04-13
"835",327.29,332.357125726649,NA,NA,NA,2018-04-14
"836",327.29,332.859980951421,NA,NA,NA,2018-04-15
"837",327.29,332.387989070192,NA,NA,NA,2018-04-16
"838",330.02,332.831011882667,NA,NA,NA,2018-04-17
"839",328.12,334.977623097767,NA,NA,NA,2018-04-18
"840",327.87,331.179377507533,NA,NA,NA,2018-04-19
"841",325.79,334.509845261855,NA,NA,NA,2018-04-20
"842",326.17,329.431451466012,NA,NA,NA,2018-04-21
"843",326.17,334.554829785001,NA,NA,NA,2018-04-22
"844",326.17,329.745904965492,NA,NA,NA,2018-04-23
"845",326.52,334.259676246831,NA,NA,NA,2018-04-24
"846",325.8,330.351461430179,NA,NA,NA,2018-04-25
"847",326.28,333.343995732184,NA,NA,NA,2018-04-26
"848",327.92,330.985671241486,NA,NA,NA,2018-04-27
"849",327.72,334.738593763039,NA,NA,NA,2018-04-28
"850",327.25,331.02828661023,NA,NA,NA,2018-04-29
"851",327.25,334.069716018677,NA,NA,NA,2018-04-30
"852",327.25,331.214957994103,NA,NA,NA,2018-05-01
"853",327.25,333.894501815254,NA,NA,NA,2018-05-02
"854",329.99,331.379418215291,NA,NA,NA,2018-05-03
"855",330.72,336.311964745925,NA,NA,NA,2018-05-04
"856",328.99,332.367354557487,NA,NA,NA,2018-05-05
"857",328.85,334.446040385009,NA,NA,NA,2018-05-06
"858",328.85,332.363529065648,NA,NA,NA,2018-05-07
"859",328.85,334.318223750885,NA,NA,NA,2018-05-08
"860",328.85,332.483500800296,NA,NA,NA,2018-05-09
"861",328.85,334.205615425583,NA,NA,NA,2018-05-10
"862",327.63,332.589197654347,NA,NA,NA,2018-05-11
"863",326.4,332.961284808623,NA,NA,NA,2018-05-12
"864",326.4,331.457527678165,NA,NA,NA,2018-05-13
"865",326.4,332.868989908149,NA,NA,NA,2018-05-14
"866",327.85,331.54415786824,NA,NA,NA,2018-05-15
"867",327.77,334.148681258057,NA,NA,NA,2018-05-16
"868",329.16,331.628923716437,NA,NA,NA,2018-05-17
"869",327.11,335.298715191814,NA,NA,NA,2018-05-18
"870",328.31,329.929982789913,NA,NA,NA,2018-05-19
"871",328.31,336.095551349068,NA,NA,NA,2018-05-20
"872",328.31,330.308401967455,NA,NA,NA,2018-05-21
"873",328.95,335.740358103174,NA,NA,NA,2018-05-22
"874",327.11,331.242514032272,NA,NA,NA,2018-05-23
"875",326,333.737229730227,NA,NA,NA,2018-05-24
"876",325.75,330.353757788887,NA,NA,NA,2018-05-25
"877",327.42,333.29490912532,NA,NA,NA,2018-05-26
"878",327.42,332.101776229303,NA,NA,NA,2018-05-27
"879",327.42,333.221679160414,NA,NA,NA,2018-05-28
"880",329.81,332.170511617135,NA,NA,NA,2018-05-29
"881",329.38,335.400473368277,NA,NA,NA,2018-05-30
"882",330.67,331.965146166636,NA,NA,NA,2018-05-31
"883",329.35,336.400450734337,NA,NA,NA,2018-06-01
"884",330.78,330.998384898818,NA,NA,NA,2018-06-02
"885",330.78,337.411124485737,NA,NA,NA,2018-06-03
"886",330.78,331.391974495137,NA,NA,NA,2018-06-04
"887",330.73,337.041691923745,NA,NA,NA,2018-06-05
"888",330.91,331.691801499876,NA,NA,NA,2018-06-06
"889",331.83,336.88228825545,NA,NA,NA,2018-06-07
"890",333.08,332.873907755,NA,NA,NA,2018-06-08
"891",334.02,337.809548834893,NA,NA,NA,2018-06-09
"892",334.02,334.059145026583,NA,NA,NA,2018-06-10
"893",334.02,337.579363295477,NA,NA,NA,2018-06-11
"894",333.8,334.275202651976,NA,NA,NA,2018-06-12
"895",334.5,337.170069230717,NA,NA,NA,2018-06-13
"896",335.67,335.109915225127,NA,NA,NA,2018-06-14
"897",335.99,338.141814647963,NA,NA,NA,2018-06-15
"898",336.39,335.59636131024,NA,NA,NA,2018-06-16
"899",336.39,338.361033910736,NA,NA,NA,2018-06-17
"900",336.39,335.766046412533,NA,NA,NA,2018-06-18
"901",338.78,338.201763435453,NA,NA,NA,2018-06-19
"902",339.95,338.158852349738,NA,NA,NA,2018-06-20
"903",341.08,339.297319560394,NA,NA,NA,2018-06-21
"904",341.18,339.289372034965,NA,NA,NA,2018-06-22
"905",340.27,339.390694151334,NA,NA,NA,2018-06-23
"906",340.27,338.441443144845,NA,NA,NA,2018-06-24
"907",340.27,339.332432730394,NA,NA,NA,2018-06-25
"908",339.5,338.49612870108,NA,NA,NA,2018-06-26
"909",338.84,338.558363240939,NA,NA,NA,2018-06-27
"910",340.44,337.880456713645,NA,NA,NA,2018-06-28
"911",341.31,340.018553991182,NA,NA,NA,2018-06-29
"912",341.08,338.828287707528,NA,NA,NA,2018-06-30
"913",341.08,339.729616494373,NA,NA,NA,2018-07-01
"914",341.08,338.883607844664,NA,NA,NA,2018-07-02
"915",341.62,339.677691697115,NA,NA,NA,2018-07-03
"916",343,339.439202546361,NA,NA,NA,2018-07-04
"917",343.07,340.958354981058,NA,NA,NA,2018-07-05
"918",343.38,339.598146018031,NA,NA,NA,2018-07-06
"919",343.38,341.165843899387,NA,NA,NA,2018-07-07
"920",343.38,339.694365358909,NA,NA,NA,2018-07-08
"921",343.38,341.075530136152,NA,NA,NA,2018-07-09
"922",343.48,339.779136006423,NA,NA,NA,2018-07-10
"923",343.25,341.089824768833,NA,NA,NA,2018-07-11
"924",343.11,339.643697630177,NA,NA,NA,2018-07-12
"925",344.37,340.869659646536,NA,NA,NA,2018-07-13
"926",343.45,340.901608508038,NA,NA,NA,2018-07-14
"927",343.45,340.008086651568,NA,NA,NA,2018-07-15
"928",343.45,340.846767530633,NA,NA,NA,2018-07-16
"929",342.49,340.059561698099,NA,NA,NA,2018-07-17
"930",343.06,339.897372980254,NA,NA,NA,2018-07-18
"931",344.58,340.584622735901,NA,NA,NA,2018-07-19
"932",345.55,341.366261933553,NA,NA,NA,2018-07-20
"933",346.68,341.543061865363,NA,NA,NA,2018-07-21
"934",346.68,342.437758134207,NA,NA,NA,2018-07-22
"935",346.68,341.597974923738,NA,NA,NA,2018-07-23
"936",345.68,342.386215430761,NA,NA,NA,2018-07-24
"937",344.64,340.707730333223,NA,NA,NA,2018-07-25
"938",346.31,341.307027640833,NA,NA,NA,2018-07-26
"939",345.91,342.312014669151,NA,NA,NA,2018-07-27
"940",346.15,340.993260407627,NA,NA,NA,2018-07-28
"941",346.15,342.456344253685,NA,NA,NA,2018-07-29
"942",346.15,341.083058936406,NA,NA,NA,2018-07-30
"943",347.06,342.372057217492,NA,NA,NA,2018-07-31
"944",346.7,342.016320411231,NA,NA,NA,2018-08-01
"945",348.21,342.012318876129,NA,NA,NA,2018-08-02
"946",349.68,343.433396748115,NA,NA,NA,2018-08-03
"947",349.76,343.479316221748,NA,NA,NA,2018-08-04
"948",349.76,343.511305014865,NA,NA,NA,2018-08-05
"949",349.76,343.481279572357,NA,NA,NA,2018-08-06
"950",348.8,343.509462167259,NA,NA,NA,2018-08-07
"951",348.82,342.581930466307,NA,NA,NA,2018-08-08
"952",348.59,343.471306270762,NA,NA,NA,2018-08-09
"953",354.06,342.420633501107,NA,NA,NA,2018-08-10
"954",356.8,348.541092145683,NA,NA,NA,2018-08-11
"955",356.8,345.368113211652,NA,NA,NA,2018-08-12
"956",356.8,348.346346751636,NA,NA,NA,2018-08-13
"957",363.22,345.550905873175,NA,NA,NA,2018-08-14
"958",363.28,354.200737996424,NA,NA,NA,2018-08-15
"959",361.66,346.138117139439,NA,NA,NA,2018-08-16
"960",360.87,352.185314401256,NA,NA,NA,2018-08-17
"961",360.12,345.767758335492,NA,NA,NA,2018-08-18
"962",360.12,351.0874613388,NA,NA,NA,2018-08-19
"963",360.12,346.094261498334,NA,NA,NA,2018-08-20
"964",360.71,350.780997699834,NA,NA,NA,2018-08-21
"965",360.71,346.93570360446,NA,NA,NA,2018-08-22
"966",361.66,350.54498815505,NA,NA,NA,2018-08-23
"967",361.63,348.048920388579,NA,NA,NA,2018-08-24
"968",360.55,350.363630283185,NA,NA,NA,2018-08-25
"969",359.64,347.177274786715,NA,NA,NA,2018-08-26
"970",359.64,349.313916229808,NA,NA,NA,2018-08-27
"971",361.19,347.308413722215,NA,NA,NA,2018-08-28
"972",361.31,350.645692991876,NA,NA,NA,2018-08-29
"973",363.43,347.625878102583,NA,NA,NA,2018-08-30
"974",363.43,352.450230678147,NA,NA,NA,2018-08-31
"975",363.43,347.921978537815,NA,NA,NA,2018-09-01
"976",363.43,352.172303762857,NA,NA,NA,2018-09-02
"977",363.43,348.182847354781,NA,NA,NA,2018-09-03
"978",365.23,351.927446082937,NA,NA,NA,2018-09-04
"979",367.52,350.102199437934,NA,NA,NA,2018-09-05
"980",369.89,353.964867876102,NA,NA,NA,2018-09-06
"981",372.23,352.563813756597,NA,NA,NA,2018-09-07
"982",375.62,356.07525618507,NA,NA,NA,2018-09-08
"983",375.62,355.961267431544,NA,NA,NA,2018-09-09
"984",375.62,356.068259988378,NA,NA,NA,2018-09-10
"985",378.11,355.967834228259,NA,NA,NA,2018-09-11
"986",380.93,358.39926949525,NA,NA,NA,2018-09-12
"987",377.74,358.763985600954,NA,NA,NA,2018-09-13
"988",375.31,355.427444466822,NA,NA,NA,2018-09-14
"989",373.65,356.278345549742,NA,NA,NA,2018-09-15
"990",373.65,353.921554037346,NA,NA,NA,2018-09-16
"991",373.65,356.133694639253,NA,NA,NA,2018-09-17
"992",371.86,354.057326824422,NA,NA,NA,2018-09-18
"993",369.36,354.32611847058,NA,NA,NA,2018-09-19
"994",361.94,351.727264738091,NA,NA,NA,2018-09-20
"995",359,347.202022114803,NA,NA,NA,2018-09-21
"996",352.54,348.689968567599,NA,NA,NA,2018-09-22
"997",352.54,341.229836876891,NA,NA,NA,2018-09-23
"998",352.54,348.232094022588,NA,NA,NA,2018-09-24
"999",354.12,341.659608821618,NA,NA,NA,2018-09-25
"1000",356.54,349.311725449102,NA,NA,NA,2018-09-26
"1001",359.76,344.400736265419,NA,NA,NA,2018-09-27
"1002",361.82,352.032676219501,NA,NA,NA,2018-09-28
"1003",363.07,346.802720774148,NA,NA,NA,2018-09-29
"1004",363.07,352.884961169118,NA,NA,NA,2018-09-30
"1005",363.07,347.176025585505,NA,NA,NA,2018-10-01
"1006",364.35,352.534568389042,NA,NA,NA,2018-10-02
"1007",360.65,348.706351049974,NA,NA,NA,2018-10-03
"1008",364.2,348.826698895818,NA,NA,NA,2018-10-04
"1009",367.2,352.045852028678,NA,NA,NA,2018-10-05
"1010",373.71,351.840149682634,NA,NA,NA,2018-10-06
"1011",373.71,358.143667729043,NA,NA,NA,2018-10-07
"1012",373.71,352.227035675688,NA,NA,NA,2018-10-08
"1013",372.27,357.780527328612,NA,NA,NA,2018-10-09
"1014",372.17,351.216269627765,NA,NA,NA,2018-10-10
"1015",368.7,357.283775746158,NA,NA,NA,2018-10-11
"1016",372,348.331645524003,NA,NA,NA,2018-10-12
"1017",370.03,359.831786534242,NA,NA,NA,2018-10-13
"1018",370.03,347.188391611338,NA,NA,NA,2018-10-14
"1019",370.03,359.055782981258,NA,NA,NA,2018-10-15
"1020",369.98,347.916767013978,NA,NA,NA,2018-10-16
"1021",366.86,358.325181304083,NA,NA,NA,2018-10-17
"1022",363.26,345.627089693873,NA,NA,NA,2018-10-18
"1023",364.35,354.166775001192,NA,NA,NA,2018-10-19
"1024",366.43,347.174323079554,NA,NA,NA,2018-10-20
"1025",366.43,355.689942364989,NA,NA,NA,2018-10-21
"1026",366.43,347.696979443739,NA,NA,NA,2018-10-22
"1027",365.49,355.199364663068,NA,NA,NA,2018-10-23
"1028",361.15,347.275140979134,NA,NA,NA,2018-10-24
"1029",365.82,350.639378628432,NA,NA,NA,2018-10-25
"1030",367.49,351.864998246136,NA,NA,NA,2018-10-26
"1031",368.54,352.282104248597,NA,NA,NA,2018-10-27
"1032",368.54,352.876153616687,NA,NA,NA,2018-10-28
"1033",368.54,352.318564742246,NA,NA,NA,2018-10-29
"1034",368.56,352.841930929639,NA,NA,NA,2018-10-30
"1035",368.55,352.369459446734,NA,NA,NA,2018-10-31
"1036",368.95,352.803546186769,NA,NA,NA,2018-11-01
"1037",370.44,352.771551561355,NA,NA,NA,2018-11-02
"1038",371.31,354.200131938132,NA,NA,NA,2018-11-03
"1039",371.31,353.67583510305,NA,NA,NA,2018-11-04
"1040",371.31,354.167952589996,NA,NA,NA,2018-11-05
"1041",371.88,353.706039405034,NA,NA,NA,2018-11-06
"1042",370.85,354.674617678544,NA,NA,NA,2018-11-07
"1043",371.19,352.798704547633,NA,NA,NA,2018-11-08
"1044",371.08,354.878613347968,NA,NA,NA,2018-11-09
"1045",372.65,352.823112831179,NA,NA,NA,2018-11-10
"1046",372.65,356.226093898127,NA,NA,NA,2018-11-11
"1047",372.65,353.031974882455,NA,NA,NA,2018-11-12
"1048",374.47,356.030051006172,NA,NA,NA,2018-11-13
"1049",374.2,354.924280719871,NA,NA,NA,2018-11-14
"1050",375.9,355.708754600768,NA,NA,NA,2018-11-15
"1051",369.01,356.568089204411,NA,NA,NA,2018-11-16
"1052",367.06,349.294379322004,NA,NA,NA,2018-11-17
"1053",367.06,354.291340114551,NA,NA,NA,2018-11-18
"1054",367.06,349.601073793923,NA,NA,NA,2018-11-19
"1055",367.3,354.003469384305,NA,NA,NA,2018-11-20
"1056",364.95,350.096545823924,NA,NA,NA,2018-11-21
"1057",368.28,351.557911330321,NA,NA,NA,2018-11-22
"1058",367.27,353.311856136929,NA,NA,NA,2018-11-23
"1059",366.05,350.71755176339,NA,NA,NA,2018-11-24
"1060",366.05,352.007506554934,NA,NA,NA,2018-11-25
"1061",366.05,350.796724288454,NA,NA,NA,2018-11-26
"1062",371.03,351.933193338712,NA,NA,NA,2018-11-27
"1063",372.83,355.540822958851,NA,NA,NA,2018-11-28
"1064",372.73,353.844138778308,NA,NA,NA,2018-11-29
"1065",371.28,355.342824549037,NA,NA,NA,2018-11-30
"1066",371.56,352.575117909995,NA,NA,NA,2018-12-01
"1067",371.56,355.435767892595,NA,NA,NA,2018-12-02
"1068",371.56,352.75069373942,NA,NA,NA,2018-12-03
"1069",371.56,355.270968240635,NA,NA,NA,2018-12-04
"1070",371.14,352.905378614754,NA,NA,NA,2018-12-05
"1071",371.8,354.731555339944,NA,NA,NA,2018-12-06
"1072",369.98,353.63695411229,NA,NA,NA,2018-12-07
"1073",370.49,352.95607756108,NA,NA,NA,2018-12-08
"1074",370.49,354.073862633258,NA,NA,NA,2018-12-09
"1075",370.49,353.024682962776,NA,NA,NA,2018-12-10
"1076",369.35,354.009467970513,NA,NA,NA,2018-12-11
"1077",370.55,352.015094195311,NA,NA,NA,2018-12-12
"1078",370.11,355.013409442385,NA,NA,NA,2018-12-13
"1079",370.04,351.786124924342,NA,NA,NA,2018-12-14
"1080",371.31,354.749627311975,NA,NA,NA,2018-12-15
"1081",371.31,353.160065667932,NA,NA,NA,2018-12-16
"1082",371.31,354.652066056395,NA,NA,NA,2018-12-17
"1083",371.31,353.251638984242,NA,NA,NA,2018-12-18
"1084",371.31,354.566113162389,NA,NA,NA,2018-12-19
"1085",372.49,353.332316416116,NA,NA,NA,2018-12-20
"1086",370.76,355.597963487186,NA,NA,NA,2018-12-21
"1087",371.35,351.847554055415,NA,NA,NA,2018-12-22
"1088",371.35,355.921565643807,NA,NA,NA,2018-12-23
"1089",371.35,352.097601411111,NA,NA,NA,2018-12-24
"1090",371.68,355.68686524497,NA,NA,NA,2018-12-25
"1091",371.08,352.627642644546,NA,NA,NA,2018-12-26
"1092",373.56,354.935927503395,NA,NA,NA,2018-12-27
"1093",375.15,355.097103421462,NA,NA,NA,2018-12-28
"1094",380.44,356.438231708798,NA,NA,NA,2018-12-29
"1095",384.2,360.14473667598,NA,NA,NA,2018-12-30
"1096",384.2,360.19494838689,NA,NA,NA,2018-12-31
"1097",NA,NA,360.147818480061,342.878522125571,377.417114834551,2019-01-01
"1098",NA,NA,337.616105749026,313.931250781386,361.300960716665,2019-01-02
"1099",NA,NA,337.616105749026,313.931250781386,361.300960716665,2019-01-03
"1100",NA,NA,337.616105749026,313.931250781386,361.300960716665,2019-01-04
"1101",NA,NA,337.616105749026,313.931250781386,361.300960716665,2019-01-05
"1102",NA,NA,337.616105749026,313.931250781386,361.300960716665,2019-01-06
"1103",NA,NA,337.616105749026,313.931250781386,361.300960716665,2019-01-07
"1104",NA,NA,337.616105749026,313.931250781386,361.300960716665,2019-01-08
"1105",NA,NA,337.616105749026,313.931250781386,361.300960716665,2019-01-09
"1106",NA,NA,337.616105749026,313.931250781386,361.300960716665,2019-01-10
"1107",NA,NA,337.616105749026,313.931250781386,361.300960716665,2019-01-11
"1108",NA,NA,337.616105749026,313.931250781386,361.300960716665,2019-01-12
"1109",NA,NA,337.616105749026,313.931250781386,361.300960716665,2019-01-13
"1110",NA,NA,337.616105749026,313.931250781386,361.300960716665,2019-01-14
"1111",NA,NA,337.616105749026,313.931250781386,361.300960716665,2019-01-15
"1112",NA,NA,337.616105749026,313.931250781386,361.300960716665,2019-01-16
"1113",NA,NA,337.616105749026,313.931250781386,361.300960716665,2019-01-17
"1114",NA,NA,337.616105749026,313.931250781386,361.300960716665,2019-01-18
"1115",NA,NA,337.616105749026,313.931250781386,361.300960716665,2019-01-19
"1116",NA,NA,337.616105749026,313.931250781386,361.300960716665,2019-01-20
"1117",NA,NA,337.616105749026,313.931250781386,361.300960716665,2019-01-21
"1118",NA,NA,337.616105749026,313.931250781386,361.300960716665,2019-01-22
"1119",NA,NA,337.616105749026,313.931250781386,361.300960716665,2019-01-23
"1120",NA,NA,337.616105749026,313.931250781386,361.300960716665,2019-01-24
"1121",NA,NA,337.616105749026,313.931250781386,361.300960716665,2019-01-25
"1122",NA,NA,337.616105749026,313.931250781386,361.300960716665,2019-01-26
"1123",NA,NA,337.616105749026,313.931250781386,361.300960716665,2019-01-27
"1124",NA,NA,337.616105749026,313.931250781386,361.300960716665,2019-01-28
"1125",NA,NA,337.616105749026,313.931250781386,361.300960716665,2019-01-29
"1126",NA,NA,337.616105749026,313.931250781386,361.300960716665,2019-01-30
"1127",NA,NA,337.616105749026,313.931250781386,361.300960716665,2019-01-31
"1128",NA,NA,337.616105749026,313.931250781386,361.300960716665,2019-02-01
"1129",NA,NA,337.616105749026,313.931250781386,361.300960716665,2019-02-02
"1130",NA,NA,337.616105749026,313.931250781386,361.300960716665,2019-02-03
"1131",NA,NA,337.616105749026,313.931250781386,361.300960716665,2019-02-04
"1132",NA,NA,337.616105749026,313.931250781386,361.300960716665,2019-02-05
"1133",NA,NA,337.616105749026,313.931250781386,361.300960716665,2019-02-06
"1134",NA,NA,337.616105749026,313.931250781386,361.300960716665,2019-02-07
"1135",NA,NA,337.616105749026,313.931250781386,361.300960716665,2019-02-08
"1136",NA,NA,337.616105749026,313.931250781386,361.300960716665,2019-02-09
"1137",NA,NA,337.616105749026,313.931250781386,361.300960716665,2019-02-10
"1138",NA,NA,337.616105749026,313.931250781386,361.300960716665,2019-02-11
"1139",NA,NA,337.616105749026,313.931250781386,361.300960716665,2019-02-12
"1140",NA,NA,337.616105749026,313.931250781386,361.300960716665,2019-02-13
"1141",NA,NA,337.616105749026,313.931250781386,361.300960716665,2019-02-14
"1142",NA,NA,337.616105749026,313.931250781386,361.300960716665,2019-02-15
"1143",NA,NA,337.616105749026,313.931250781386,361.300960716665,2019-02-16
"1144",NA,NA,337.616105749026,313.931250781386,361.300960716665,2019-02-17
"1145",NA,NA,337.616105749026,313.931250781386,361.300960716665,2019-02-18
"1146",NA,NA,337.616105749026,313.931250781386,361.300960716665,2019-02-19
"1147",NA,NA,337.616105749026,313.931250781386,361.300960716665,2019-02-20
"1148",NA,NA,337.616105749026,313.931250781386,361.300960716665,2019-02-21
"1149",NA,NA,337.616105749026,313.931250781386,361.300960716665,2019-02-22
"1150",NA,NA,337.616105749026,313.931250781386,361.300960716665,2019-02-23
"1151",NA,NA,337.616105749026,313.931250781386,361.300960716665,2019-02-24
"1152",NA,NA,337.616105749026,313.931250781386,361.300960716665,2019-02-25
"1153",NA,NA,337.616105749026,313.931250781386,361.300960716665,2019-02-26
"1154",NA,NA,337.616105749026,313.931250781386,361.300960716665,2019-02-27
"1155",NA,NA,337.616105749026,313.931250781386,361.300960716665,2019-02-28
"1156",NA,NA,337.616105749026,313.931250781386,361.300960716665,2019-03-01
"1157",NA,NA,337.616105749026,313.931250781386,361.300960716665,2019-03-02
"1158",NA,NA,337.616105749026,313.931250781386,361.300960716665,2019-03-03
"1159",NA,NA,337.616105749026,313.931250781386,361.300960716665,2019-03-04
"1160",NA,NA,337.616105749026,313.931250781386,361.300960716665,2019-03-05
"1161",NA,NA,337.616105749026,313.931250781386,361.300960716665,2019-03-06
"1162",NA,NA,337.616105749026,313.931250781386,361.300960716665,2019-03-07
"1163",NA,NA,337.616105749026,313.931250781386,361.300960716665,2019-03-08
"1164",NA,NA,337.616105749026,313.931250781386,361.300960716665,2019-03-09
"1165",NA,NA,337.616105749026,313.931250781386,361.300960716665,2019-03-10
"1166",NA,NA,337.616105749026,313.931250781386,361.300960716665,2019-03-11
"1167",NA,NA,337.616105749026,313.931250781386,361.300960716665,2019-03-12
"1168",NA,NA,337.616105749026,313.931250781386,361.300960716665,2019-03-13
"1169",NA,NA,337.616105749026,313.931250781386,361.300960716665,2019-03-14
"1170",NA,NA,337.616105749026,313.931250781386,361.300960716665,2019-03-15
"1171",NA,NA,337.616105749026,313.931250781386,361.300960716665,2019-03-16
"1172",NA,NA,337.616105749026,313.931250781386,361.300960716665,2019-03-17
"1173",NA,NA,337.616105749026,313.931250781386,361.300960716665,2019-03-18
"1174",NA,NA,337.616105749026,313.931250781386,361.300960716665,2019-03-19
"1175",NA,NA,337.616105749026,313.931250781386,361.300960716665,2019-03-20
"1176",NA,NA,337.616105749026,313.931250781386,361.300960716665,2019-03-21
"1177",NA,NA,337.616105749026,313.931250781386,361.300960716665,2019-03-22
"1178",NA,NA,337.616105749026,313.931250781386,361.300960716665,2019-03-23
"1179",NA,NA,337.616105749026,313.931250781386,361.300960716665,2019-03-24
"1180",NA,NA,337.616105749026,313.931250781386,361.300960716665,2019-03-25
"1181",NA,NA,337.616105749026,313.931250781386,361.300960716665,2019-03-26
"1182",NA,NA,337.616105749026,313.931250781386,361.300960716665,2019-03-27
"1183",NA,NA,337.616105749026,313.931250781386,361.300960716665,2019-03-28
"1184",NA,NA,337.616105749026,313.931250781386,361.300960716665,2019-03-29
"1185",NA,NA,337.616105749026,313.931250781386,361.300960716665,2019-03-30
"1186",NA,NA,337.616105749026,313.931250781386,361.300960716665,2019-03-31
